ID,post_title,post_name,post_status,post_date,post_modified,post_author,post_author_email,post_excerpt,post_content,post_url,featured_image,comment_count,menu_order,post_parent,accreditedBy,address,area,average_stay,Certifications,city,classic-editor-remember,Cleanliness_count,Cleanliness_rating,contact_web,contact-email,cost,Cost_count,Cost_rating,country,Dignity_and_respect_count,Dignity_and_respect_rating,education,eleblog_post_views,eplisting-category,eplisting-tag,event_detail,event_title,ExperienceTranining,facebook,fax,Fellowship,Helpfulness_count,Helpfulness_rating,hospital_type,HospitalAffiliations,image_gallery_ids,instagram,Internship,Knowledge_count,Knowledge_rating,latitude,LeadershipRoles,linkedin,listing_featured,logo_image_id,longitude,main-gender,main-languages,MedicalSchool,ownership,phone,pinterest,postcode,profitNonProfit,Punctuality_count,Punctuality_rating,Residency,Same-sex_accommodation_count,Same-sex_accommodation_rating,Services_count,Services_rating,size,specialist,Staff_co-operation_count,Staff_co-operation_rating,Staff_count,Staff_rating,state,treatments,twitter,vimeo,Wait_Time_count,Wait_Time_rating,wpil_links_inbound_internal_count,wpil_links_inbound_internal_count_data,wpil_links_outbound_external_count,wpil_links_outbound_external_count_data,wpil_links_outbound_internal_count,wpil_links_outbound_internal_count_data,wpil_sync_report2_time,wpil_sync_report3,youtube,_award_description_0,_award_title_0,_award_year_0,_booking_stcode,_booking_type,_eael_post_view_count,_event_image_id,_opening_time,_rating_total_count,_yoast_wpseo_content_score,_yoast_wpseo_estimated-reading-time-minutes,_yoast_wpseo_focuskw,_yoast_wpseo_linkdex,_yoast_wpseo_metadesc,_yoast_wpseo_primary_ambulance_tag,_yoast_wpseo_primary_ambulance-category,_yoast_wpseo_title,ambulance-category,ambulance_tag
1102,"Feni Medinova Ambulance Service",feni-medinova-ambulance-service,publish,"2024-11-18 03:18:41","2025-03-02 11:34:25",iamabsalam,iamabsalam@doctorbd24.com,"ফেনী মেডিনোভা অ্যাম্বুলেন্স সার্ভিস ২৪ ঘণ্টা নিরবচ্ছিন্ন জরুরি চিকিৎসা সেবা প্রদান করে। ফেনী থেকে দেশের যেকোনো স্থানে রোগী পরিবহনের জন্য তাদের উন্নত মানের NICU, CCU ও আইসিইউ সুবিধাসম্পন্ন অ্যাম্বুলেন্স রয়েছে। জরুরি মুহূর্তে দ্রুত ও নিরাপদ সেবা নিশ্চিত করতে তারা দক্ষ&hellip;","<div class=""wDYxhc NFQFxe"" lang=""en-BD"" data-attrid=""kc:/local:merchant_description"" data-md=""335"">
<div data-ved=""2ahUKEwiO84iH9eSJAxWBxzgGHQZlFsIQt5ICegQIFxAA"" data-hveid=""CBcQAA"">
<p data-start=""71"" data-end=""371"">ফেনী মেডিনোভা অ্যাম্বুলেন্স সার্ভিস ২৪ ঘণ্টা নিরবচ্ছিন্ন জরুরি চিকিৎসা সেবা প্রদান করে। ফেনী থেকে দেশের যেকোনো স্থানে রোগী পরিবহনের জন্য তাদের উন্নত মানের NICU, CCU ও আইসিইউ সুবিধাসম্পন্ন অ্যাম্বুলেন্স রয়েছে। জরুরি মুহূর্তে দ্রুত ও নিরাপদ সেবা নিশ্চিত করতে তারা দক্ষ ও প্রশিক্ষিত টিম নিয়ে কাজ করে।</p>
<p data-start=""373"" data-end=""466"">📍 <strong data-start=""376"" data-end=""387"">ঠিকানা:</strong> হাবিব মেনশন, ১১০ শহীদ শহীদুল্লাহ কায়সার রোড, ফেনী<br data-start=""437"" data-end=""440"" />📞 <strong data-start=""443"" data-end=""451"">ফোন:</strong> 01842-101211</p>
</div>
</div>",https://doctorbd24.com/ambulance/feni-medinova-ambulance-service/,https://doctorbd24.com/wp-content/uploads/2024/11/Feni-Medinova-Ambulance-Service.jpeg,0,0,0,,"West Side Of Fair Service, Habib Mension, 110 Shahid Shahidullah Kaisar Rd",,,,Feni,classic-editor,,,,,,,,Bangladesh,,,,41,[],[],,,,https://www.facebook.com/fenimedinovaambulance,,,,,,,",1103",,,,,,,,,1104,,,,,,01842-101211,,3900,,,,,,,,,,,,,,,,,,,,,2,eJzVUstuAjEM/BWUO4VdaIvMCalUQqIPqVV7jEISwCIkqyTbhyr+vc5muwL6Bdxsx+MZjyOghB+E4fQJimtg7xUa/uCUNnyJdsegGMFPgFtghlKOik1Tc4ARsNobRtENwbYxVgEGA+VkdH6lyvGVdPuB2K9qI6zUg7W22N9rhdZ9iH5X7wftP5De06AxzXEhprCg+HRWqk6AoY3aW0HEKygypmow/+Q/p3IrvyRgo7wYlxNCUWfEaDSbPuYZ8bvS7HgcrQUsRBHrkJvIAemI3MacX2dHQjcimHqTE0JKg/LvbdLMxIjO5kIS6vxGWJQ8erFeo+yA5BAt3fYVwIRc83Ne68i5lB0aCPm4TZAMeFvM33t389fZYslaLqGUVnz1zSuSiDZZN8y6jJMi6zpdkBwbthf/3GKotOfSaxF1d/5EhYGLOrrUdlymleQO7ebos6Ty3qnaaH7SXbYkDfFXzPUDnenSf6OH2+nZcUrqvyfe3kPL25v98fZeiPdSr3X4BUXQYPY=,0,eJxLtDKwqq4FAAZPAf4=,0,eJxLtDKwqq4FAAZPAf4=,2024-11-21T18:52:30+00:00,1,,,,,,,80,,[],,90,1,"ফেনী মেডিনোভা অ্যাম্বুলেন্স সার্ভিস",47,"ফেনী মেডিনোভা অ্যাম্বুলেন্স সার্ভিস ২৪/৭ জরুরি রোগী পরিবহন সেবা প্রদান করে। উন্নত NICU, CCU, ও আইসিইউ সুবিধাসম্পন্ন অ্যাম্বুলেন্স নিয়ে ফেনী থেকে দেশের যেকোনো স্থানে দ্রুত ও নিরাপদ সেবা পেতে আজই যোগাযোগ করুন!",,,"ফেনী মেডিনোভা অ্যাম্বুলেন্স সার্ভিস – ২৪ ঘণ্টা জরুরি রোগী পরিবহন",,
1100,"Ambulance Service Comilla",ambulance-service-comilla,publish,"2024-11-18 03:12:45","2025-03-02 11:37:55",iamabsalam,iamabsalam@doctorbd24.com,"কুমিল্লা অ্যাম্বুলেন্স সার্ভিস সাশ্রয়ী মূল্যে ২৪/৭ জরুরি রোগী পরিবহন সেবা প্রদান করে। কুমিল্লা ও আশপাশের যেকোনো স্থানে দ্রুত ও নিরাপদ অ্যাম্বুলেন্স সেবা পেতে আমাদের সাথে যোগাযোগ করুন। আমরা আইসিইউ, নন-এসি, ও ফ্রিজিং অ্যাম্বুলেন্সসহ সব ধরনের সুবিধা নিশ্চিত করি। 📍 অবস্থান:&hellip;","<div class=""wDYxhc NFQFxe"" lang=""en-BD"" data-attrid=""kc:/local:merchant_description"" data-md=""335"">
<div data-ved=""2ahUKEwiQ2vzy8-SJAxXfwzgGHeYKBPoQt5ICegQIFRAA"" data-hveid=""CBUQAA"">
<p data-start=""96"" data-end=""357"">কুমিল্লা অ্যাম্বুলেন্স সার্ভিস সাশ্রয়ী মূল্যে ২৪/৭ জরুরি রোগী পরিবহন সেবা প্রদান করে। কুমিল্লা ও আশপাশের যেকোনো স্থানে দ্রুত ও নিরাপদ অ্যাম্বুলেন্স সেবা পেতে আমাদের সাথে যোগাযোগ করুন। আমরা আইসিইউ, নন-এসি, ও ফ্রিজিং অ্যাম্বুলেন্সসহ সব ধরনের সুবিধা নিশ্চিত করি।</p>
<p data-start=""359"" data-end=""422"">📍 <strong data-start=""362"" data-end=""374"">অবস্থান:</strong> কুমিল্লা, বাংলাদেশ<br data-start=""393"" data-end=""396"" />📞 <strong data-start=""399"" data-end=""407"">ফোন:</strong> 01811-652380</p>
</div>
</div>",https://doctorbd24.com/ambulance/ambulance-service-comilla/,https://doctorbd24.com/wp-content/uploads/2024/11/Ambulance-Service-Comilla.jpg,0,0,0,,,,,,Cumilla,classic-editor,,,,,,,,Bangladesh,,,,37,[],[],,,,https://www.facebook.com/Ambulance.Service.Comilla/,,,,,,,,,,,,,,,,1101,,,,,,01811-652380,,,,,,,,,,,,,,,,,,,,,,,8,eJztVV1P2zAU/SvIk/YGzUdDi6toQowHJNZNYhqPkeu4rYUbR7FDQVX/++61Q2mBbdo0TUqWF7Bvrs89vvf4lNEx3UgaTD7TMKHktpQq+6RzobJrWdwRGsZ0Y+iIEgXbTOZkgsmGxpTUlSKwSs4oWVpbGjoY5JpbXc3yaHjC9WrAVrNasYKL59WxEdW9hP/wXSrFBggxBARtLC5DWB+iYHRMiSysqAoGJWc09GdKd+YV8S8YbohHcNBxDsMAaUOmlVYJMpl6DPtYCrIPZ+gpJcYyWxvcwM3LeqakWTY7roFIYT1A4vtikMUYj+UXihlD4MPGYd5Lsf57TRK59AxHP0Rbl8csX8ligLc5KZflB1ykeP3374J4PGHcSl2kOyhAfSh15Taj5DdwWSVYusa2ewAPj59BJq6gm2eEBbh4ynLTDP+wzDPM28WgLZWYV8IPK4zjX9dxf32f2EKkTuXrpTSlqHwNFEjqCrlJZ1zXhc3qMmdWvGbhI4WGIaZnoRiOkyicJWSydfMzql544UDbuZIclTP1+gYUiZPxAZS0rhaskDyzFZvPJd8dxNHpqsmDVjI+z16q0jFwTQgoeUEEIEBkS4TwAN+uLm+PPl5+Pb+6Jk1tluciz2aPWQmUZYGPLvA8lebM8zx8DvDWgsYlmv5lHEZnxc4ysJQ0GautxrT9MFyR38lisWcwGF7pvFYiO8iOmiKu8IP18S088N7BegfrHez/c7AIks+fdHd043V3dOF1114/i3o/e8vPpj/1sAbin6t02t3f1bjXYZt12FF3HPaqbLMqO+OOSa/DNuuwo+542quyzarsjDuOeh22WYeddMftd/VEFQ4=,0,eJxLtDKwqq4FAAZPAf4=,0,eJxLtDKwqq4FAAZPAf4=,2024-11-21T18:31:41+00:00,1,,,,,,,70,,[],,90,1,"কুমিল্লা অ্যাম্বুলেন্স সার্ভিস",47,"কুমিল্লা অ্যাম্বুলেন্স সার্ভিস সাশ্রয়ী মূল্যে ২৪/৭ রোগী পরিবহন সেবা দিয়ে থাকে। আইসিইউ, নন-এসি ও ফ্রিজিং সুবিধাসহ দ্রুত অ্যাম্বুলেন্স বুক করতে আজই যোগাযোগ করুন!",,,"কুমিল্লা অ্যাম্বুলেন্স সার্ভিস – ২৪ ঘণ্টা রোগী পরিবহন",,
886,"এ্যাম্বুলেন্স সার্ভিস জামালপুর ২৪ ঘন্টা",%e0%a6%8f%e0%a7%8d%e0%a6%af%e0%a6%be%e0%a6%ae%e0%a7%8d%e0%a6%ac%e0%a7%81%e0%a6%b2%e0%a7%87%e0%a6%a8%e0%a7%8d%e0%a6%b8-%e0%a6%b8%e0%a6%be%e0%a6%b0%e0%a7%8d%e0%a6%ad%e0%a6%bf%e0%a6%b8-%e0%a6%9c%e0%a6%be,publish,"2024-11-15 18:12:41","2025-03-02 11:43:49",iamabsalam,iamabsalam@doctorbd24.com,"🚑 জামালপুর অ্যাম্বুলেন্স সার্ভিস – ২৪ ঘণ্টা জরুরি রোগী পরিবহন 🚑 জামালপুরে নিরবচ্ছিন্ন ও নির্ভরযোগ্য অ্যাম্বুলেন্স পরিষেবা খুঁজছেন? জামালপুর অ্যাম্বুলেন্স সার্ভিস সারা দেশে রোগী পরিবহনের জন্য ২৪/৭ ঘন্টা জরুরি সেবা প্রদান করে। এই পরিষেবার অধীনে বিভিন্ন ধরনের অ্যাম্বুলেন্স রয়েছে, যা&hellip;","<div class=""wDYxhc NFQFxe"" lang=""en-BD"" data-attrid=""kc:/local:merchant_description"" data-md=""335"">
<div data-ved=""2ahUKEwjL_bCi9t6JAxWkyDgGHTpTIZsQt5ICegQIFBAA"" data-hveid=""CBQQAA"">
<h3 data-start=""0"" data-end=""75""><strong data-start=""4"" data-end=""73"">🚑 জামালপুর অ্যাম্বুলেন্স সার্ভিস – ২৪ ঘণ্টা জরুরি রোগী পরিবহন 🚑</strong></h3>
<p data-start=""77"" data-end=""343"">জামালপুরে নিরবচ্ছিন্ন ও নির্ভরযোগ্য অ্যাম্বুলেন্স পরিষেবা খুঁজছেন? <strong data-start=""144"" data-end=""178"">জামালপুর অ্যাম্বুলেন্স সার্ভিস</strong> সারা দেশে রোগী পরিবহনের জন্য <strong data-start=""208"" data-end=""233"">২৪/৭ ঘন্টা জরুরি সেবা</strong> প্রদান করে। এই পরিষেবার অধীনে বিভিন্ন ধরনের অ্যাম্বুলেন্স রয়েছে, যা রোগীদের প্রয়োজন অনুসারে ব্যবহার করা হয়।</p>
<p data-start=""345"" data-end=""869"">🔹 <strong data-start=""348"" data-end=""385"">এসি অ্যাম্বুলেন্স (AC Ambulance):</strong> দীর্ঘ পথযাত্রার জন্য আরামদায়ক এবং উপযুক্ত।<br data-start=""428"" data-end=""431"" />🔹 <strong data-start=""434"" data-end=""478"">নন-এসি অ্যাম্বুলেন্স (Non-AC Ambulance):</strong> স্বল্প দূরত্বের জন্য সাশ্রয়ী মূল্যের অ্যাম্বুলেন্স পরিষেবা।<br data-start=""538"" data-end=""541"" />🔹 <strong data-start=""544"" data-end=""585"">আইসিইউ অ্যাম্বুলেন্স (ICU Ambulance):</strong> জীবনরক্ষাকারী সরঞ্জাম ও বিশেষজ্ঞ সহ রোগীদের জন্য উন্নতমানের সেবা।<br data-start=""651"" data-end=""654"" />🔹 <strong data-start=""657"" data-end=""698"">সিসিইউ অ্যাম্বুলেন্স (CCU Ambulance):</strong> হৃদরোগী ও গুরুতর অসুস্থ রোগীদের চিকিৎসার জন্য সজ্জিত।<br data-start=""752"" data-end=""755"" />🔹 <strong data-start=""758"" data-end=""805"">ফ্রিজিং অ্যাম্বুলেন্স (Freezing Ambulance):</strong> মরদেহ সংরক্ষণ ও দূরবর্তী স্থানে পরিবহনের জন্য বিশেষভাবে তৈরি।</p>
<h3 data-start=""871"" data-end=""919""><strong data-start=""875"" data-end=""917"">💡 কেন জামালপুর অ্যাম্বুলেন্স সার্ভিস?</strong></h3>
<p data-start=""920"" data-end=""1212"">✔ <strong data-start=""922"" data-end=""939"">২৪/৭ সার্ভিস:</strong> যেকোনো সময় জরুরি প্রয়োজনে পাওয়া যায়।<br data-start=""976"" data-end=""979"" />✔ <strong data-start=""981"" data-end=""1008"">দক্ষ ও প্রশিক্ষিত চালক:</strong> রোগী পরিবহনে অভিজ্ঞ ও দক্ষ ড্রাইভার।<br data-start=""1045"" data-end=""1048"" />✔ <strong data-start=""1050"" data-end=""1074"">দ্রুত ও নিরাপদ সেবা:</strong> বাংলাদেশের যেকোনো জায়গায় দ্রুত পৌঁছানোর নিশ্চয়তা।<br data-start=""1124"" data-end=""1127"" />✔ <strong data-start=""1129"" data-end=""1146"">সাশ্রয়ী ভাড়া:</strong> প্রতিটি পরিষেবা প্রতিযোগিতামূলক ও ন্যায্য মূল্যে প্রদান করা হয়।</p>
<p data-start=""1214"" data-end=""1304"">📍 <strong data-start=""1217"" data-end=""1229"">অবস্থান:</strong> জামালপুর মেডিকেল কলেজ হাসপাতাল, জামালপুর ২০০০<br data-start=""1275"" data-end=""1278"" />📞 <strong data-start=""1281"" data-end=""1289"">ফোন:</strong> 01560-023999</p>
</div>
</div>",https://doctorbd24.com/ambulance/%e0%a6%8f%e0%a7%8d%e0%a6%af%e0%a6%be%e0%a6%ae%e0%a7%8d%e0%a6%ac%e0%a7%81%e0%a6%b2%e0%a7%87%e0%a6%a8%e0%a7%8d%e0%a6%b8-%e0%a6%b8%e0%a6%be%e0%a6%b0%e0%a7%8d%e0%a6%ad%e0%a6%bf%e0%a6%b8-%e0%a6%9c%e0%a6%be/,https://doctorbd24.com/wp-content/uploads/2024/11/এ্যাম্বুলেন্স-সার্ভিস-জামালপুর-২৪-ঘন্টা.jpg,0,0,0,,"Jamalpur Medical College Hospital, রোড, Jamalpur 2000",,,,Jamalpur,classic-editor,,,,,,,,Bangladesh,,,,72,[],[],,,,,,,,,,,,,,,,,,,,887,,,,,,01560-023999,,2000,,,,,,,,,,,,,,,,,,,,,,,,,,,,,,,,,,,103,,[],,60,1,"জামালপুর অ্যাম্বুলেন্স সার্ভিস",55,"জামালপুর অ্যাম্বুলেন্স সার্ভিস সারা দেশে ২৪/৭ জরুরি রোগী পরিবহন সেবা প্রদান করে। আইসিইউ, সিসিইউ, ফ্রিজিং ও এসি অ্যাম্বুলেন্স সহ দ্রুত ও নিরাপদ পরিবহনের নিশ্চয়তা। রোগী পরিবহনের জন্য আজই বুকিং করুন!",,,"জামালপুর অ্যাম্বুলেন্স সার্ভিস – ২৪/৭ জরুরি রোগী পরিবহন",,
884,"জামালপুর মমিন এ্যাম্বুলেন্স সার্ভিস",%e0%a6%9c%e0%a6%be%e0%a6%ae%e0%a6%be%e0%a6%b2%e0%a6%aa%e0%a7%81%e0%a6%b0-%e0%a6%ae%e0%a6%ae%e0%a6%bf%e0%a6%a8-%e0%a6%8f%e0%a7%8d%e0%a6%af%e0%a6%be%e0%a6%ae%e0%a7%8d%e0%a6%ac%e0%a7%81%e0%a6%b2%e0%a7%87,publish,"2024-11-15 18:09:58","2025-03-02 11:51:16",iamabsalam,iamabsalam@doctorbd24.com,"🚑 জামালপুর মমিন অ্যাম্বুলেন্স সার্ভিস – ২৪ ঘণ্টা রোগী পরিবহন 🚑 জরুরি পরিস্থিতিতে দ্রুত এবং নির্ভরযোগ্য অ্যাম্বুলেন্স পরিষেবা সবার জন্য অত্যন্ত গুরুত্বপূর্ণ। জামালপুর অঞ্চলে রোগী পরিবহনের জন্য জামালপুর মমিন অ্যাম্বুলেন্স সার্ভিস সারাদেশে ২৪/৭ অ্যাম্বুলেন্স সেবা প্রদান করছে। অভিজ্ঞ চালক ও&hellip;","<div class=""wDYxhc NFQFxe"" lang=""en-BD"" data-attrid=""kc:/local:merchant_description"" data-md=""335"">
<div data-ved=""2ahUKEwjyurza9d6JAxXg4zgGHZc2ELoQt5ICegQICRAA"" data-hveid=""CAkQAA"">
<div data-ved=""2ahUKEwjyurza9d6JAxXg4zgGHZc2ELoQ9e0CegQICRAB"" data-long-text=""&quot;জামালপুর থেকে বাংলাদেশের যেকোনো প্রান্তে মুমূর্ষু রোগী এবং মৃতদেহ বহনে সব ধরনের এ্যাম্বুলেন্স এবং সুদক্ষ চালক নিয়ে এ্যাম্বুলেন্স সার্ভিস জামালপুর ২৪ ঘন্টা প্রস্তুত। আপনার আত্মীয়-স্বজন হঠাৎ অসুস্থ হলে দ্রুত সেবা পেতে দিবারাত্রি আমাদের কল করুন: ০১৮৫৬-৮২৫৪১২&quot;"" data-short-text=""&quot;জামালপুর থেকে বাংলাদেশের যেকোনো প্রান্তে মুমূর্ষু রোগী এবং মৃতদেহ বহনে সব ধরনের এ্যাম্বুলেন্স এবং সুদক্ষ চালক নিয়ে এ্যাম্বুলেন্স সার্ভিস জামালপুর ২৪ ঘন্টা প্রস্তুত। আপনার আত্মীয়-স্বজন হঠাৎ অসুস্থ হলে দ্রুত সেবা পেতে দিবারাত্রি আমাদের কল করুন:"" data-expanded=""false"" data-show-less=""false"" data-show-more-aria-label=""show more"" data-show-less-aria-label=""less"">
<h3 data-start=""0"" data-end=""74""><strong data-start=""4"" data-end=""72"">🚑 জামালপুর মমিন অ্যাম্বুলেন্স সার্ভিস – ২৪ ঘণ্টা রোগী পরিবহন 🚑</strong></h3>
<p data-start=""76"" data-end=""399"">জরুরি পরিস্থিতিতে দ্রুত এবং নির্ভরযোগ্য <strong data-start=""116"" data-end=""141"">অ্যাম্বুলেন্স পরিষেবা</strong> সবার জন্য অত্যন্ত গুরুত্বপূর্ণ। জামালপুর অঞ্চলে রোগী পরিবহনের জন্য <strong data-start=""209"" data-end=""248"">জামালপুর মমিন অ্যাম্বুলেন্স সার্ভিস</strong> সারাদেশে <strong data-start=""258"" data-end=""266"">২৪/৭</strong> অ্যাম্বুলেন্স সেবা প্রদান করছে। অভিজ্ঞ চালক ও আধুনিক অ্যাম্বুলেন্স ব্যবহারের মাধ্যমে রোগীদের নিরাপদ ও দ্রুত পরিবহন নিশ্চিত করা হয়।</p>
<h3 data-start=""401"" data-end=""456""><strong data-start=""405"" data-end=""454"">🛻 অ্যাম্বুলেন্সের ধরণ (Types of Ambulances):</strong></h3>
<p data-start=""458"" data-end=""956"">🔹 <strong data-start=""461"" data-end=""497"">এসি অ্যাম্বুলেন্স (AC Ambulance)</strong> – দীর্ঘ পথের রোগীদের জন্য আরামদায়ক পরিবহন।<br data-start=""540"" data-end=""543"" />🔹 <strong data-start=""546"" data-end=""589"">নন-এসি অ্যাম্বুলেন্স (Non-AC Ambulance)</strong> – স্বল্প দূরত্বের জন্য সহজলভ্য এবং সাশ্রয়ী।<br data-start=""633"" data-end=""636"" />🔹 <strong data-start=""639"" data-end=""679"">আইসিইউ অ্যাম্বুলেন্স (ICU Ambulance)</strong> – গুরুতর রোগীদের জন্য লাইফ সাপোর্ট সুবিধাসহ অ্যাম্বুলেন্স।<br data-start=""738"" data-end=""741"" />🔹 <strong data-start=""744"" data-end=""784"">সিসিইউ অ্যাম্বুলেন্স (CCU Ambulance)</strong> – কার্ডিয়াক রোগীদের জন্য উন্নত চিকিৎসা সুবিধাসম্পন্ন পরিবহন।<br data-start=""845"" data-end=""848"" />🔹 <strong data-start=""851"" data-end=""897"">ফ্রিজিং অ্যাম্বুলেন্স (Freezing Ambulance)</strong> – মরদেহ সংরক্ষণ ও দূরবর্তী স্থানে পরিবহনের জন্য উপযুক্ত।</p>
<h3 data-start=""958"" data-end=""1034""><strong data-start=""962"" data-end=""1032"">📌 অ্যাম্বুলেন্স সার্ভিসের বৈশিষ্ট্য (Ambulance Service Features):</strong></h3>
<p data-start=""1036"" data-end=""1404"">✔ <strong data-start=""1038"" data-end=""1055"">২৪/৭ সার্ভিস:</strong> সারাদেশে যেকোনো সময় অ্যাম্বুলেন্স পাওয়া যায়।<br data-start=""1100"" data-end=""1103"" />✔ <strong data-start=""1105"" data-end=""1119"">দক্ষ চালক:</strong> প্রশিক্ষিত ও অভিজ্ঞ ড্রাইভার দ্রুত এবং নিরাপদ সেবা নিশ্চিত করেন।<br data-start=""1184"" data-end=""1187"" />✔ <strong data-start=""1189"" data-end=""1207"">দ্রুত রেসপন্স:</strong> জরুরি অবস্থায় দ্রুত অ্যাম্বুলেন্স পৌঁছে যায়।<br data-start=""1252"" data-end=""1255"" />✔ <strong data-start=""1257"" data-end=""1274"">সাশ্রয়ী ভাড়া:</strong> প্রতিটি পরিষেবা ন্যায্য ও সাশ্রয়ী মূল্যে প্রদান করা হয়।<br data-start=""1330"" data-end=""1333"" />✔ <strong data-start=""1335"" data-end=""1354"">ভিআইপি পরিষেবা:</strong> বিশেষ প্রয়োজনে উন্নতমানের অ্যাম্বুলেন্স সুবিধা।</p>
<h3 data-start=""1406"" data-end=""1438""><strong data-start=""1410"" data-end=""1436"">📍 অবস্থান (Location):</strong></h3>
<p data-start=""1439"" data-end=""1472"">জামালপুর মেডিকেল কলেজ, জামালপুর</p>
<h3 data-start=""1474"" data-end=""1505""><strong data-start=""1478"" data-end=""1503"">📞 যোগাযোগ (Contact):</strong></h3>
<p data-start=""1506"" data-end=""1520"">01856-825412</p>
</div>
</div>
</div>",https://doctorbd24.com/ambulance/%e0%a6%9c%e0%a6%be%e0%a6%ae%e0%a6%be%e0%a6%b2%e0%a6%aa%e0%a7%81%e0%a6%b0-%e0%a6%ae%e0%a6%ae%e0%a6%bf%e0%a6%a8-%e0%a6%8f%e0%a7%8d%e0%a6%af%e0%a6%be%e0%a6%ae%e0%a7%8d%e0%a6%ac%e0%a7%81%e0%a6%b2%e0%a7%87/,https://doctorbd24.com/wp-content/uploads/2024/11/জামালপুর-মমিন-এ্যাম্বুলেন্স-সার্ভিস.jpg,0,0,0,,,"Jamalpur Sadar Upazila",,,Jamalpur,classic-editor,,,,,,,,Bangladesh,,,,54,[],[],,,,,,,,,,,,,,,,,,,,885,,,,,,01856-825412,,,,,,,,,,,,,,,,,,,,,,,8,eJztlc2K2zAQx19lEeTY+iNfrnIqdA8L249D6R6FLMmJWEcylky7LDn0PXp2oYdS+gB9Fj9KJctOkyw9hEChMBczHs1foxnpx1Cc4UeJ49VbnMwxuqtkSV5rLkpyK9U9wskUPxq8xKh0v0RytPLBBk8xauoSOSudzjDaWFsZHEVcM6vrnKez50xvI7rNm5IqJqKJiCd0MXnBBiMXg0HFqSdPxyXaG8tJloxL8bNT2R99MXqyMSgrxg34uFb8Jf9hDHuSNh09y8iX7AvWxnozcfZx0d6bYSSVFbWirkU5ToKm6jVPGv3Ou4dGp07Y9zjLZk7kAq20pUCrN2EL+1AJdLibwQuMjKW2MSHIXRXTLrey4X8ers7stzBlsw4/TslKyca1rN9TWqlVcPhz6npNlWTE1rQoJNsLBZeu5iEuwYiygpzmVdrdvP/b9RL3DjZeEgQfbq7vrl5dv395c4uGXJRzwUn+QCp3RKl85+JwrlIzGs51XKBrWDw8zY8baSpRE1YLasX+nfpU0hDaWO3DDt2uJHYv1frgVXv3VvOmFOQoOh2S9Ik/2eDfSXexgA1g86+wSV2qrv3Stb+69nv//dm137qvn7v2x5Vz/b8cpcARcATj51xspoANYAPj52KOZsARcATj51xs5oANYAPj52KOFsARcATj51xsloANYAPj50KOdr8BOrcEOg==,0,eJxLtDKwqq4FAAZPAf4=,0,eJxLtDKwqq4FAAZPAf4=,2024-11-21T18:52:29+00:00,1,,,,,,,82,,[],,60,2,"জামালপুর মমিন অ্যাম্বুলেন্স সার্ভিস",53,"জামালপুর মমিন অ্যাম্বুলেন্স সার্ভিস ২৪/৭ রোগী পরিবহন সেবা প্রদান করে। উন্নতমানের AC, Non-AC, ICU, CCU ও ফ্রিজিং অ্যাম্বুলেন্সসহ দ্রুত এবং নিরাপদ পরিবহনের নিশ্চয়তা।",,,"🚑 জামালপুর মমিন অ্যাম্বুলেন্স সার্ভিস – ২৪ ঘণ্টা রোগী পরিবহন 🚑",,
739,"Kishoreganj Ambulance Service",kishoreganj-ambulance-service,publish,"2024-11-14 06:27:40","2024-11-14 06:27:40",iamabsalam,iamabsalam@doctorbd24.com,"kishoreganj Ambulance Service.কিশোরগঞ্জ এম্বুলেন্স সার্ভিস ?01714307790","<p>kishoreganj Ambulance Service.<br class=""html-br"" />কিশোরগঞ্জ এম্বুলেন্স সার্ভিস ?<br class=""html-br"" />01714307790</p>",https://doctorbd24.com/ambulance/kishoreganj-ambulance-service/,https://doctorbd24.com/wp-content/uploads/2024/11/Kishoreganj-Ambulance-Service.jpg,0,0,0,,,"Kishoreganj Sadar",,,Kishoreganj,,,,,,,,,Bangladesh,,,,32,[],[],,,,https://www.facebook.com/profile.php?id=100075933021254,,,,,,,,,,,,,,,,740,,,,,,01714-307790,,,,,,,,,,,,,,,,,,,,,,,10,eJztlM1uGyEQx1/F4p7au7ZjB58iNYeoaRspVXNEGLA9NYYVsG2iyO+eYdm4dvsErLjBMP/54qfhtJrQN6CT1XdazSl5bkCzr1YqzR7A7AmtpvTN0wUlGq8MJFlFZ0+nlLROEzxd43EXQuPpeCytCNatZT37JOxhzA/rVnMj1HgPfmed2nLz6+pkvfLK/QZ8jWFmGMX6EI8Vni8jReuSEjBBOcMx7ZpWSdN0mv+Kf4zmvvgahV3di+kNitAxQNCKrL6lEOG1UeQ8GvZEiQ88tD45YfvCYm4T0n2exuFPIbxut+mCSqFBfLwtu5gQwJpkiHVah3MAwYLjmw2Ik1BJwJ57v4oSLjbs37zG4uDi7dhJcIy7KEmCn/d3z6PPdz9u7x9In4tLqSRbv7IGSwQTJzdJdWkreKrrskEc2KT/7j878I1yTDjFgzr9fUwFnvE22Oh2bsaWxB7M9oyUaD5Y2WrFLrzrPkmX+CUk+xHwYwuKeaNYY6ovf6c8uv2Y8uipm3K+bNaFzczZHMyanBYUM0dxuGtyVtjMnM3BrMl5QTFzFIe7Jq8Lm5mzOZg1uSgoZo7icNfksrCZOZuDWZM3BcXMURzqmjy+A3HZUh0=,0,eJxLtDKwqq4FAAZPAf4=,0,eJxLtDKwqq4FAAZPAf4=,2024-11-21T18:31:41+00:00,1,,,,,,,72,,[],,90,1,,,,,,,,
708,"Riad Ambulance Service",riad-ambulance-service,publish,"2024-11-12 16:56:01","2024-11-12 16:56:50",iamabsalam,iamabsalam@doctorbd24.com,"রিয়াদ অ্যাম্বুলেন্স সার্ভিস একটি জরুরি সেবা সংস্থা। 2010 সাল থেকে, সংস্থাটি মানব দয়ার উদ্দেশ্যে সারা বাংলাদেশে পরিষেবা পরিচালনা করছে। রোগীদের পরিবহন ও স্বজনদের কাছে মৃতদেহ পৌঁছে দেওয়ার যাবতীয় সুযোগ-সুবিধা রয়েছে সংস্থাটির। সংস্থাটি বর্তমানে রোগীর স্বজনদের পরিবহনের জন্য নিজস্ব ২টি আইসিইউ&hellip;","<p>রিয়াদ অ্যাম্বুলেন্স সার্ভিস একটি জরুরি সেবা সংস্থা। 2010 সাল থেকে, সংস্থাটি মানব দয়ার উদ্দেশ্যে সারা বাংলাদেশে পরিষেবা পরিচালনা করছে। রোগীদের পরিবহন ও স্বজনদের কাছে মৃতদেহ পৌঁছে দেওয়ার যাবতীয় সুযোগ-সুবিধা রয়েছে সংস্থাটির। সংস্থাটি বর্তমানে রোগীর স্বজনদের পরিবহনের জন্য নিজস্ব ২টি আইসিইউ অ্যাম্বুলেন্স, ৪টি লাশবাহী ফ্রিজিং গাড়ী, 6টি এসি অ্যাম্বুলেন্স, ২টি নন-এসি অ্যাম্বুলেন্স এবং 4টি মাইক্রোবাস পরিচালনা করে।</p>
<p>Riyadh Ambulance Service is an emergency service agency. Since 2010, the organization has been conducting services across Bangladesh for the purpose of human kindness. The organization has all the facilities to transport the patients and deliver the bodies to the next of kin. The organization currently operates its own 2 ICU ambulances, 4 mortuary freezing vehicles, 6 AC ambulances, 2 non-AC ambulances and 4 microbuses for transporting patients&#8217; relatives.</p>",https://doctorbd24.com/ambulance/riad-ambulance-service/,https://doctorbd24.com/wp-content/uploads/2024/11/Logo-1-1.png,0,0,0,,"Apex Medical and diagnostic Centre, Gazipur 1702",,,,Gazipur,,,,https://www.riadambulance.com/,,,,,Bangladesh,,,,39,[],[],,,,https://www.facebook.com/riadambulanceservice/,,,,,,,",709",,,,,,,,,710,,,,,,01758-845430,,1702,,,,,,,,,,,,,,,,,,,,,0,eJxLtDKwqq4FAAZPAf4=,0,eJxLtDKwqq4FAAZPAf4=,0,eJxLtDKwqq4FAAZPAf4=,2024-11-21T18:34:21+00:00,1,GwVXNhJffXE,,,,,,46,,[],,90,1,,,,,,,,
705,"Khulna Ambulance Service",khulna-ambulance-service,publish,"2024-11-12 09:26:40","2024-11-12 09:26:40",iamabsalam,iamabsalam@doctorbd24.com,"খুলনা এ্যাম্বুলেন্স সার্ভিস, ২৪ ঘন্টা খুলনাসহ বাংলাদেশের যেকোনো প্রান্তে সেবা দিয়ে থাকে, আমাদের রয়েছে একাধিক এসি-ননএসি, আই সি ইউ লাইফ সাপোর্ট, লাশবাহী ফ্রীজিং এ্যাম্বুলেন্স, এছাড়াও সকল এ্যাম্বুলেন্সে রয়েছে অক্সিজেন এর সুব্যবস্থা, সেবার মানদণ্ডে আমরা আপোষহীন, সেবা নিন, সুস্থ থাকুন, ভাল&hellip;","<div class=""wDYxhc NFQFxe"" lang=""en-BD"" data-attrid=""kc:/local:merchant_description"" data-md=""335"">
<div data-ved=""2ahUKEwjZ7YzRu9aJAxUwSmwGHaplEtQQt5ICegQIFBAA"" data-hveid=""CBQQAA"">
<div data-ved=""2ahUKEwjZ7YzRu9aJAxUwSmwGHaplEtQQ9e0CegQIFBAB"" data-long-text=""&quot;খুলনা এ্যাম্বুলেন্স সার্ভিস, ২৪ ঘন্টা খুলনাসহ বাংলাদেশের যেকোনো প্রান্তে সেবা দিয়ে থাকে, আমাদের রয়েছে একাধিক এসি-ননএসি, আই সি ইউ লাইফ সাপোর্ট, লাশবাহী ফ্রীজিং এ্যাম্বুলেন্স, এছাড়াও সকল এ্যাম্বুলেন্সে রয়েছে অক্সিজেন এর সুব্যবস্থা, সেবার মানদণ্ডে আমরা আপোষহীন, সেবা নিন, সুস্থ থাকুন, ভাল থাকুন।&quot;"" data-short-text=""&quot;খুলনা এ্যাম্বুলেন্স সার্ভিস, ২৪ ঘন্টা খুলনাসহ বাংলাদেশের যেকোনো প্রান্তে সেবা দিয়ে থাকে, আমাদের রয়েছে একাধিক এসি-ননএসি, আই সি ইউ লাইফ সাপোর্ট, লাশবাহী ফ্রীজিং এ্যাম্বুলেন্স, এছাড়াও সকল এ্যাম্বুলেন্সে রয়েছে অক্সিজেন এর সুব্যবস্থা, সেবার মানদণ্ডে আমরা"" data-expanded=""false"" data-show-less=""false"" data-show-more-aria-label=""show more"" data-show-less-aria-label=""less"">
<div>খুলনা এ্যাম্বুলেন্স সার্ভিস, ২৪ ঘন্টা খুলনাসহ বাংলাদেশের যেকোনো প্রান্তে সেবা দিয়ে থাকে, আমাদের রয়েছে একাধিক এসি-ননএসি, আই সি ইউ লাইফ সাপোর্ট, লাশবাহী ফ্রীজিং এ্যাম্বুলেন্স, এছাড়াও সকল এ্যাম্বুলেন্সে রয়েছে অক্সিজেন এর সুব্যবস্থা, সেবার মানদণ্ডে আমরা আপোষহীন, সেবা নিন, সুস্থ থাকুন, ভাল থাকুন।</div>
</div>
</div>
</div>",https://doctorbd24.com/ambulance/khulna-ambulance-service/,https://doctorbd24.com/wp-content/uploads/2024/11/Khulna-Ambulance-Service.jpg,0,0,0,,,,,,Khulna,,,,,,,,,Bangladesh,,,,33,[],[],,,,https://www.facebook.com/Ambulance007,,,,,,,",707",,,,,,,,,706,,,,,,01919-321304,,,,,,,,,,,,,,,,,,,,,,,8,eJztVMtO6zAQ/ZXKe26btKHVdIV0WaDLBSQQLC3XdttRXTuKHR5C/XfGcaha+IJE2XnGM3OOj49GwAI+ESbLe8gKYC8lGv7fKW34Ldodg2wKnx7mwAyFHBVbxmIPU2B1ZRidigWwbQilh/FYORlctVL57I90+7HYr2ojrNTj3bY2VlwcExdeV69IF3HCjAY4H+Ixo/P5kJglBLRBV1YQ4gqy1FM2Pb94P8R0yzunxobyfFJEqsACBqPZ8i6NCB+lZqfTPFwC80GE2qcierl0hG1DioukhD+O8KbepIA6pUH5fbdoZmJAZ1Mi8nTVRliUPFRivUZ5bNQK6c1tXQZMyDX/iWsdCRejQ9NCMm5jS2p4vrl+Gf29frq6uWUtllBKK7764CVRRBuVmyRexkmReJ0/kASbtD/9tkVf6orLSougj98eodBzUQcXy07T9CS5Q7s5MUlM752qjeZn1XkL0gC/h5Q/IH3s4MLOujAnGv8agUdX3wKPHpPA3bVkPliyu5bszWKcDi7srgv7uRhngyW7a8neLMZicGF3XdjPxXg5WLK7luzNYpwPLuyuC/u4GA9fZo+Q5A==,0,eJxLtDKwqq4FAAZPAf4=,0,eJxLtDKwqq4FAAZPAf4=,2024-11-21T18:49:33+00:00,1,,,,,,,43,,[],,90,1,,,,,,,,
702,"Adorsho Ambulance Service",adorsho-ambulance-service,publish,"2024-11-12 03:25:08","2024-11-12 03:25:08",iamabsalam,iamabsalam@doctorbd24.com,"Emergency Ambulance service!Call us anytime!We are a 24/7 ambulance service from Sylhet.","<p>Emergency Ambulance service!<br class=""html-br"" />Call us anytime!<br class=""html-br"" />We are a 24/7 ambulance service from Sylhet.</p>",https://doctorbd24.com/ambulance/adorsho-ambulance-service/,https://doctorbd24.com/wp-content/uploads/2024/11/Adorsho-Ambulance-Service.jpg,0,0,0,,"Medical College Rd, Sylhet 3100",,,,Sylhet,,,,,,,,,Bangladesh,,,,35,[],[],,,,https://www.facebook.com/Sylhetambulance/,,,,,,,",703",,,,,,,,,704,,,,,,01726-602066,,3100,,,,,,,,,,,,,,,,,,,,,8,eJztVE1v4jAQ/SvI9xYSoNDhhNQeKvVjpV21R8vYBkY1dmQ73a0q/vuO4xTB7i9IlJtnPG/m+flpBCzhC2GyeoFiDuytQsOfnNKGP6J9Z1BM4SvAApihkKNiq1QcYAqs9obRaX4LbB9jFWA8Vk5G5zeqnF1LdxiLw6Y2wko9Fsr5sHdXp8xV0P4D6Sa1mFEHF2I6FnS+7JKyS2Boo/ZW0MgNFBlTNZj/iP9I6ZZ4ScCG82JSJq7AIkaj2eo5t4iflWbn3QLcAAtRxDrkInq6dDTbxhzPsxTh1CKYepcDQkqD8vtu2fTEiM7mROLp/E5YlDx6sd2iPAG1QnpzW1cAE3LL/51rHQmXomMDIRn3CZIBrw/3b6O7+1/rh0fWzhJKacU3n7wiimiTcpPMyzgpMq/LB5Jgk/arf+8xVNpz6bWI+vTvaRQGLuroUtl5mp4k39HuzlyS0genaqP5RXXZDmkG/4k5f0T62MGG3bVhSZfrrPBo/a3w6GdWuLumLAdTdtiUvdmN08GGHbZhT3fjbDBlh03Zm904H2zYYRv2dDfeDKbssCl7sxsXgw07bMNe7sbjX4WelfQ=,0,eJxLtDKwqq4FAAZPAf4=,0,eJxLtDKwqq4FAAZPAf4=,2024-11-21T18:31:41+00:00,1,,,,,,,72,,[],,90,1,,,,,,,,
699,"Ambulance Service Sylhet",ambulance-service-sylhet,publish,"2024-11-12 03:19:41","2024-11-12 03:19:41",iamabsalam,iamabsalam@doctorbd24.com,"এ্যাম্বুলেন্স সার্ভিস সিলেট সিলেট শহরের মধ্যে আমাদের কাছে আপনার প্রয়োজন অনুযায়ী ছোট ও বড় বিভিন্ন ধরণের অ্যাম্বুলেন্স রয়েছে। গুরুতর রক্তাক্ত জখম, হাঁড় ভেঙ্গে যাওয়া, বুকের ব্যথা, গুরুতরভাবে মাথায় আঘাতপ্রাপ্তি, শ্বাসকষ্ট অনুভব করা, গর্ভকালীন পরিচর্যা, মুখোমুখি গাড়ী সংঘর্ষ কিংবা অন্য যে-কোন&hellip;","<h2>এ্যাম্বুলেন্স সার্ভিস সিলেট</h2>
<div class=""wpb_text_column wpb_content_element "">
<div class=""wpb_wrapper"">
<p>সিলেট শহরের মধ্যে আমাদের কাছে আপনার প্রয়োজন অনুযায়ী ছোট ও বড় বিভিন্ন ধরণের অ্যাম্বুলেন্স রয়েছে। গুরুতর রক্তাক্ত জখম, হাঁড় ভেঙ্গে যাওয়া, বুকের ব্যথা, গুরুতরভাবে মাথায় আঘাতপ্রাপ্তি, শ্বাসকষ্ট অনুভব করা, গর্ভকালীন পরিচর্যা, মুখোমুখি গাড়ী সংঘর্ষ কিংবা অন্য যে-কোন ধরনের দুর্ঘটনার পরপরই অ্যাম্বুলেন্সের দরকার পড়ে থাকে। খবর পাওয়া মাত্রই রোগীর কাছে দ্রুত পৌছে রোগীকে সেবা কেন্দ্রে নিয়ে যাওয়াই এ্যাম্বুলেন্স সার্ভিস সিলেটের মূল উদ্দেশ্য।</p>
<h3><strong>Ambulance Service Sylhet আমাদের সেবা সমূহ:</strong></h3>
<ul>
<li>এসি এ্যাম্বুলেন্স</li>
<li>নন-এসি এ্যাম্বুলেন্স</li>
<li>লাশবাহী এ্যাম্বুলেন্স</li>
<li>আই সি ইউ এ্যাম্বুলেন্স</li>
</ul>
</div>
</div>",https://doctorbd24.com/ambulance/ambulance-service-sylhet/,https://doctorbd24.com/wp-content/uploads/2024/11/এ্যাম্বুলেন্স-সার্ভিস-সিলেট.jpg,0,0,0,,"New medical road, kajol shah",,,,Sylhet,,,,https://ambulanceservicesylhet.com/,,,,,Bangladesh,,,,34,[],[],,,,https://www.facebook.com/AmbulanceServiceInSylhet/,,,,,,,,,,,,,,,,700,,,,,,01715-778689,,,,,,,,,,,,,,,,,,,,,,,4,eJztVMtOAzEM/JUqd2h32/JwT0hwQOIlgeAYpUnaWqTJauMFKtR/x9kspYUvKOppHa/tGU9GUTCCT4TB5B6KMYiXCp28DcY6eYP+VUAxhM8IpyAcHyUaMUnFEYYgmtoJjsZnIBZEVYR+3wRNoZ6acnSsw7KvltPGKa/tT3QUbf2G6btyC0v9NGHEA0KkFBYc7w5JWUZAT7b2ihGnUOSequ35w/shpTveJTe2lE/OzxNVEITkrJjc5RG0qqzYnhbhBEQkRU3MRby5DoztKZ/HWYm4GRFdM88H7tQO9fe/s3YmEgafE4lnqOfKo5ZUq9kM9abRGuSdu7oChNIz+RvXB9YvndZtC6u5SC254fn66qV3efV0cX0jOixljDVyupIVU0SflBtkXi5olXntLsiCDbqbfl9grGwtdW0V2c21JyiMUjUUUtl2mlfSr+jnWyZJ6WUwjbNyp7rsQFrgD8r5NfLFHly4ty4smcbFt8C9xyxw77EVeH8tWR4sub+W/DcP4/Dgwv114X98GNdfbqlKHQ==,0,eJxLtDKwqq4FAAZPAf4=,0,eJxLtDKwqq4FAAZPAf4=,2024-11-21T18:34:21+00:00,1,,,,,,,52,,[],,90,1,,,,,,,,
697,"Sylhet Jaruri Sheva ambulance service Sylhe emergency service 🇧🇩🤙",sylhet-jaruri-sheva-ambulance-service-sylhe-emergency-service-%f0%9f%87%a7%f0%9f%87%a9%f0%9f%a4%99,publish,"2024-11-12 03:14:20","2024-11-12 03:14:37",iamabsalam,iamabsalam@doctorbd24.com,"Sylhet Jaruri Sheva ambulance service Sylhe emergency service 🇧🇩🤙","<div class=""wDYxhc NFQFxe"" lang=""en-BD"" data-attrid=""kc:/local:merchant_description"" data-md=""335"">
<div data-ved=""2ahUKEwi7z8Lu59WJAxU1SWwGHQZOOK0Qt5ICegQIERAA"" data-hveid=""CBEQAA"">
<div>Sylhet Jaruri Sheva ambulance service Sylhe emergency service 🇧🇩🤙</div>
</div>
</div>",https://doctorbd24.com/ambulance/sylhet-jaruri-sheva-ambulance-service-sylhe-emergency-service-%f0%9f%87%a7%f0%9f%87%a9%f0%9f%a4%99/,https://doctorbd24.com/wp-content/uploads/2024/11/Sylhet-Jaruri-Sheva-ambulance-service-Sylhe-emergency-service-🇧🇩🤙.jpg,0,0,0,,,,,,Sylhet,,,,https://g.co/kgs/d2H6D4E,,,,,Bangladesh,,,,40,[],[],,,,,,,,,,,,,,,,,,,,698,,,,,,01751-731760,,3100,,,,,,,,,,,,,,,,,,,,,8,eJztlM1u2zAMx18lEOCj6zhfjpXTgPXQod0GdFiPgiLLsVZFMiS5W1Dk3UdZrpG0T1BDJ0s0Kf5J/kCKt/hV4PnuB87XGD21QpIHXXFJ7oV6Rjhf4leLC4wkXImo0M47W7zEqDMSwSlfLjBqnGstzrJKM6fNvlqsbpg+ZvS47yRVjGf2JBvu0j/UdEaktuEvNB3/ppabF+G/3ivlR24OXLHTaE/qeVLWybZIaHFxLoczXSVlmXkxK5Ciret1wflajrduMRLKcaMoiN/jPMS0fcyHFvz05qEFUGSoflMWEASOTjjJ0e57eMKdWo4uX7N4g5F11HU2OEETmYbcyoX7OjTVjk9Y2R3CBSKZFOzt37Z/UzihVTB4ndocqBKMOEPrWrAxkFcCah78cowoq8n7vEpD1/3t3IfADBofEgJ+390+zb7e/vpyd4+GXLSqeEX2J9KCRKF85+ZBl9SMBl3XBULD5gM0fxthW24IM5w6PhLkUwlLaOe0d7s0Q0nsWajDBW/efNRVJzm58l4MSfrE/1ywnwUMNgIdgYYqIdVjP6rZt35Us0c/qtnbqD4v4YtIeCR8Sit7GYGOQE96Za8i4ZHwKa3sdQQ6Aj3plb2JhEfCp7Syiwh0BHrCK/v8HxThUSM=,0,eJxLtDKwqq4FAAZPAf4=,0,eJxLtDKwqq4FAAZPAf4=,2024-11-21T18:31:41+00:00,1,,,,,,,89,,[],,90,1,,,,,,,,
297,"Jubair Ambulance Service",jubair-ambulance-service,publish,"2024-11-09 08:50:58","2024-11-09 08:50:58",iamabsalam,iamabsalam@doctorbd24.com,"24/7 A/C &amp; Non A/C Ambulance Service","<p>24/7 A/C &amp; Non A/C Ambulance Service</p>",https://doctorbd24.com/ambulance/jubair-ambulance-service/,https://doctorbd24.com/wp-content/uploads/2024/11/Jubair-Ambulance-Service.jpg,0,0,0,,"953 O.R. Nizam Rd, Chattogram 4000",,,,Chattogram,,,,,,,,,Bangladesh,,,,27,[],[],,,,,,,,,,,,,,,,,,,,296,,,,,,01842-136709,,4000,,,,,,,,,,,,,,,,,,,,,6,eJztVNtOAjEQ/RXSd4VdwEt5IpEHjbdEo49Nty0wWtpN21UJ4d+dbhcC+gVL9q0znZlz5vSknF7QDdDB5IlmY0reS9DswUql2T2YT0KzId14ekmJxpCBJJNY7OmQksppgqfxFSXLEEpP+31pRbCukPnoXNhVn6+KSnMjVP+jKji4s33izCv3BXgRJ4xwgPUhHjM8Hw+JWUQAE5QzHBELmqWesu75x/s5phveOTbWlPPry0iVkgBBKzJ5TCPCulTkcJpHOYgPPFQ+FeHmwiK2CSkeJyX8foTX1SIF2Ck0iN3dVT0TAliTEpGndQtuQLDg+HwOYt+oJODOTV1GCRdz9hfXWBQuRtu6BWVcxpbU8HY7e+/dzF6nt/ekweJSKsmKNSuRIpio3CDx0lbwxOt4QRRs0Lz09xJ8qRwTTvGg9s8eocAzXgUbyw7TuJL4BLM4MElMr6ystGJH1XkDUgP/hJTfAj5s58LWujBHGne1wL3pTuDeSxK4vZbMO0u215In8zEOOxe214Wn+TGOOku215In8zGOOxe214Wn+DFufwG1UO0L,0,eJxLtDKwqq4FAAZPAf4=,0,eJxLtDKwqq4FAAZPAf4=,2024-11-21T18:49:33+00:00,1,,,,,,no,74,,"{""Monday"":""|"",""Tuesday"":""|"",""Wednesday"":""|"",""Thursday"":""|"",""Friday"":""|"",""Saturday"":""|"",""Sunday"":""|""}",,,,,,,,,,,
295,"Sadia Ambulance service Chittagong Agrabad",sadia-ambulance-service-chittagong-agrabad,publish,"2024-11-09 08:45:56","2024-11-09 08:45:56",iamabsalam,iamabsalam@doctorbd24.com,"🚑 Emergency? Call us at: 01884959116 We’ve been providing reliable ambulance services since 2002. Even during the 2019 COVID-19 pandemic, our ambulance services never stopped, and we continue to support those in need today. We offer affordable services for low-income&hellip;","<p>🚑 <strong>Emergency? Call us at: 01884959116</strong><br />
We’ve been providing reliable ambulance services since 2002. Even during the 2019 COVID-19 pandemic, our ambulance services never stopped, and we continue to support those in need today. We offer affordable services for low-income patients, ensuring that medical care reaches those who need it most. Additionally, we provide <strong>free oxygen</strong> for our patients.</p>
<p>Our services are available 24/7, day and night. You can find us easily by searching <strong>Sadia Ambulance Chittagong Agrabad</strong> on Google.</p>
<p>We offer a variety of ambulance services, including:</p>
<ul>
<li>AC Ambulance</li>
<li>Non-AC Ambulance</li>
<li>Freezer Ambulance for deceased bodies</li>
<li>Services across all districts</li>
<li>Transportation for patients or deceased from the airport (Chittagong or Dhaka)</li>
<li>Pickup and delivery of bodies from Benapole</li>
</ul>
<p>For more information, feel free to contact us at the number above!</p>",https://doctorbd24.com/ambulance/sadia-ambulance-service-chittagong-agrabad/,https://doctorbd24.com/wp-content/uploads/2024/11/Sadia-Ambulance-service-Chittagong-Agrabad.jpg,0,0,0,,"Ma O shishu Hospital, Jamburi filed, Chattogram 4100",Agrabad,,,Chattogram,,,,,,,,,Bangladesh,,,,47,[],[],,,,https://www.facebook.com/profile.php?id=100054769749645,,,,,,,,,,,,,,,,294,,,,,,01884-959116,,4100,,,,,,,,,,,,,,,,,,,,,12,eJztmUtu2zAQhq9icO/Kku3YoVdBm0WA9AG0aJYCRdLyIDQpiFTbIPDdOxQVw05P0AFXIkfz1od/I8HLir8CX+y+8nLN2VMHpv7slDb1I9hnxsslf/V8w5nBaw2K7aKz50vOht4wPG1uODuE0HleFMrJ4PpGVasP0h0LcWwGI6zUhRcKxPx8n3vd/wJ8ygOEIFpn27loe9EIVcScK0zpfIjHEs/XaaN1yxnYoHsrsIeGlymmG2P+meRbNE+TVBg4DlHdrjEIHQMEo9nuS0oRXjrNLrN5jvP5IMLgkxPuQjqsbUO6r9Nu/DmFN0ObLhgpDci3d9sxJwRwNhlin65vhQVZh17s9yDPgVoBzjz5lZwJua/f17UOdxlvpzEEN3uIISng58P90+zT/Y+7h0c21RJKaVU3L3WHLYKNm1ukvoyTIvV1PSAubDF9+98H8J3ua9lrEfQZhFgKfC2G4KLbpRlHks9g2wtsovno1GB0feVdTUXGwn9Csp8AP2zmkhCXFZb6Hlc+u3tb+Wxa+ewjrvz/BbXKoFIClYyALjOXlLikK6CrDColUMkI6DpzSYlLugJ6k0GlBCoZAd1kLilxSVdAtxlUSqCSEdDbzCUlLukKaJn/IpEilYyClvk3EikwqUro6S+OoTIJ,0,eJxLtDKwqq4FAAZPAf4=,0,eJxLtDKwqq4FAAZPAf4=,2024-11-21T18:31:41+00:00,1,,,,,,no,85,,"{""Monday"":""|"",""Tuesday"":""|"",""Wednesday"":""|"",""Thursday"":""|"",""Friday"":""|"",""Saturday"":""|"",""Sunday"":""|""}",,,,,,,,,,,
292,"Provati Ambulance Service Chittagong",provati-ambulance-service-chittagong,publish,"2024-11-09 08:39:45","2024-11-09 08:39:45",iamabsalam,iamabsalam@doctorbd24.com,"চট্টগ্রাম এম্বুলেন্স সার্ভিস।এখানে সকল প্রকার এম্বুলেন্স পাওয়া যায়।যোগাযোগ :01815648334 / 01627880000","<div class=""x9f619 x1ja2u2z x78zum5 x2lah0s x1n2onr6 x1qughib x1qjc9v5 xozqiw3 x1q0g3np x1pi30zi x1swvt13 xyamay9 xykv574 xbmpl8g x4cne27 xifccgj"">
<div class=""x9f619 x1n2onr6 x1ja2u2z x78zum5 xdt5ytf x193iq5w xeuugli x1r8uery x1iyjqo2 xs83m0k xsyo7zv x16hj40l x10b6aqq x1yrsyyn"">
<div class=""x2b8uid x80vd3b x1q0q8m5 xso031l x1l90r2v""><span class=""x193iq5w xeuugli x13faqbe x1vvkbs x1xmvt09 x1lliihq x1s928wv xhkezso x1gmr53x x1cpjm7i x1fgarty x1943h6x xudqn12 x3x7a5m x6prxxf xvq8zen xo1l8bm xzsf02u"" dir=""auto"">চট্টগ্রাম এম্বুলেন্স সার্ভিস।এখানে সকল প্রকার এম্বুলেন্স পাওয়া যায়।যোগাযোগ :01815648334 / 01627880000</span></div>
</div>
</div>
<div class=""x9f619 x1ja2u2z x78zum5 x2lah0s x1n2onr6 x1qughib x1qjc9v5 xozqiw3 x1q0g3np x1pi30zi x1swvt13 xyamay9 xykv574 xbmpl8g x4cne27 xifccgj"">
<div class=""x9f619 x1n2onr6 x1ja2u2z x78zum5 xdt5ytf x193iq5w xeuugli x1r8uery x1iyjqo2 xs83m0k xsyo7zv x16hj40l x10b6aqq x1yrsyyn"">
<div class=""x9f619 x1ja2u2z x78zum5 x2lah0s x1n2onr6 x1nhvcw1 x1qjc9v5 xozqiw3 x1q0g3np xexx8yu xykv574 xbmpl8g x4cne27 xifccgj""></div>
</div>
</div>",https://doctorbd24.com/ambulance/provati-ambulance-service-chittagong/,https://doctorbd24.com/wp-content/uploads/2024/11/Provati-Ambulance-Chittagong.jpg,0,0,0,,"37 K.B. Fazlul Kader Rd, Chattogram 4000",,,,Chattogram,,,,,,,,,Bangladesh,,,,64,[],[],,,,https://www.facebook.com/people/Provati-Ambulance-Chittagong/61554870994939/?_rdr,,,,,,,,,,,,,,,,291,,,,,,01627-880000,,4000,,,,,,,,,,,,,,,,,,,,,4,eJztVMFu2zAM/ZVA986xk64dcyq2Hgp0W4EO61FQJMUmqkiGRXctivz7KMsNkvYLauRkkebjI58epGAJrwjz1W8oz0E8tOjkz2Csk7foHwWUC3iNcAHCcSjRiFUqjrAA0XdO8OliDqIhaiMUhQmaQrc21fKLDttCbde9U17bou3CkyI822fOou2ekL+6QSJVB18XqduSm4VI6Vjy+bhhyl6CQE+284rZ11BmTDtgPuxwl9LjDhUDh/GrbxWDuJCQnBWrX7kFvbRWHHaL8BVEJEV9zEWsgg7M7SnH51mVuG8RXV/ngJHaoX77dzn0RMLgcyLNGbpaedSSOrXZoN4DrUHeeawrQSi9ke95fWANU7QbIKxokyAZ8Pfm+mH24/rP1c2tGLmUMdbI9YtseUT0Sbl5nssFrfJcxwuyYPPx1v81GFvbSd1ZRXZvgUSFUaqeQio7TPNK+hF9fWCYlN4G0zsrj6qrkWQgfqac3yFf7MmRk3BkxVR3WezZ1ZvYs/ss9ux783ktWp0sOg2LTubRXJwcOQ1HTvXR3P0Hc7JfUw==,0,eJxLtDKwqq4FAAZPAf4=,0,eJxLtDKwqq4FAAZPAf4=,2024-11-21T18:49:34+00:00,1,,,,,,no,85,,"{""Monday"":""|"",""Tuesday"":""|"",""Wednesday"":""|"",""Thursday"":""|"",""Friday"":""|"",""Saturday"":""|"",""Sunday"":""|""}",,,,,,,,,,,
290,"Habib Ambulance Service Agrabad Chittagong",habib-ambulance-service-agrabad-chittagong,publish,"2024-11-09 08:35:40","2024-11-09 08:35:40",iamabsalam,iamabsalam@doctorbd24.com,"হাবিব অ্যাম্বুলেন্স সার্ভিস +8801757-949128 __________________________________________________________________________________ 2007 সালে প্রতিষ্ঠিত, চট্টগ্রামের আগ্রাবাদে হাবিব অ্যাম্বুলেন্স সার্ভিস 24 ঘন্টা, সপ্তাহে 7 দিন নির্ভরযোগ্য জরুরী এবং চিকিৎসা পরিবহন পরিষেবা প্রদান করে। তাদের অ্যাম্বুলেন্সগুলি সর্বোচ্চ যত্ন সহ রোগীদের যে কোনও হাসপাতালে পৌঁছে দেওয়ার জন্য সম্পূর্ণ সজ্জিত।&hellip;","<div class=""wDYxhc NFQFxe"" lang=""en-BD"" data-attrid=""kc:/local:merchant_description"" data-md=""335"">
<div data-ved=""2ahUKEwiOj5796c6JAxXNXmwGHf1zCqYQt5ICegQIGBAA"" data-hveid=""CBgQAA"">
<div data-ved=""2ahUKEwiOj5796c6JAxXNXmwGHf1zCqYQ9e0CegQIGBAB"" data-long-text=""&quot;হাবিব অ্যাম্বুলেন্স সার্ভিস
+8801757-949128
__________________________________________________________________________________

2007 সালে প্রতিষ্ঠিত, চট্টগ্রামের আগ্রাবাদে হাবিব অ্যাম্বুলেন্স সার্ভিস 24 ঘন্টা, সপ্তাহে 7 দিন নির্ভরযোগ্য জরুরী এবং চিকিৎসা পরিবহন পরিষেবা প্রদান করে। তাদের অ্যাম্বুলেন্সগুলি সর্বোচ্চ যত্ন সহ রোগীদের যে কোনও হাসপাতালে পৌঁছে দেওয়ার জন্য সম্পূর্ণ সজ্জিত।

Established in 2007, Habib Ambulance Service in Agrabad, Chittagong provides reliable emergency and medical transportation services 24 hours a day, 7 days a week. Their ambulances are fully equipped to deliver patients to any hospital with the utmost care.&quot;"" data-short-text=""&quot;হাবিব অ্যাম্বুলেন্স সার্ভিস
+8801757-949128
__________________________________________________________________________________

2007 সালে প্রতিষ্ঠিত, চট্টগ্রামের আগ্রাবাদে হাবিব অ্যাম্বুলেন্স সার্ভিস 24 ঘন্টা, সপ্তাহে 7 দিন নির্ভরযোগ্য জরুরী এবং"" data-expanded=""false"" data-show-less=""false"" data-show-more-aria-label=""show more"" data-show-less-aria-label=""less""></p>
<div>হাবিব অ্যাম্বুলেন্স সার্ভিস +8801757-949128 __________________________________________________________________________________ 2007 সালে প্রতিষ্ঠিত, চট্টগ্রামের আগ্রাবাদে হাবিব অ্যাম্বুলেন্স সার্ভিস 24 ঘন্টা, সপ্তাহে 7 দিন নির্ভরযোগ্য জরুরী এবং চিকিৎসা পরিবহন পরিষেবা প্রদান করে। তাদের অ্যাম্বুলেন্সগুলি সর্বোচ্চ যত্ন সহ রোগীদের যে কোনও হাসপাতালে পৌঁছে দেওয়ার জন্য সম্পূর্ণ সজ্জিত। Established in 2007, Habib Ambulance Service in Agrabad, Chittagong provides reliable emergency and medical transportation services 24 hours a day, 7 days a week. Their ambulances are fully equipped to deliver patients to any hospital with the utmost care.</div>
</div>
</div>
</div>",https://doctorbd24.com/ambulance/habib-ambulance-service-agrabad-chittagong/,https://doctorbd24.com/wp-content/uploads/2024/11/Habib-Ambulance-Service-Agrabad-Chittagong.jpg,0,0,0,,"Ma O shishu Hospital, Zambuti filed, Chattogram 4100",,,,Chattogram,,,,,,,,,Bangladesh,,,,37,[],[],,,,https://www.facebook.com/p/Habib-Ambulance-Service-Agrabad-100078267828975/,,,,,,,,,,,,,,,,289,,,,,,+8801757-949128,,4100,,,,,,,,,,,,,,,,,,,,,8,eJztlNuK2zAQhl8l6D517CSbVLkKdKELeyi0dC+FLCn2sIpkJLndZcm7d2R5Q9I+QYWvopnM8ffHcLql70AXuydaril57kCzByuVZvdgXggtl/Td0w0lGk0GkuxisKdLSnqnCb42N5S0IXSeFoW0IlhXy2r1SdhjwY91r7kRqmh5DfX8bM+9cr8Af3njeM3lXLQQAm+saYpYc4UlrQ/xWeL7umz0bikBE5QzHGeoaZlyuiHnn02+Rfe4SYWJwxLV57gGBgYIWpHdYyoR3jpFLqt5ivv5wEPvUxBqISz2NiHZ66SNP5fwum+SgZlCg/j4bzvUhADWJEec07qGGxAsOH44gDgnKgm48xhXUsLFgf3d11jUMlqnIQWVbWNKSvh5d/s8+3L7Y393T8ZeXEolWf3GOhwRTFRukebSVvA01/WCKNhi/Pa/W/Cdckw4xYM6gxBbgWe8DzaGXbpxJfECprnAJrqPVvZasavoamwyNH4NyX8C/LATlxlxWWGrr1Hy2f5D8tn3JPlsj5L/v6BWE6g5gZrNAV1OXObEZb4HdDWBmhOo2RzQ9cRlTlzme0BvJlBzAjWbA7qZuMyJy1wP6OkPoaTK3A==,0,eJxLtDKwqq4FAAZPAf4=,0,eJxLtDKwqq4FAAZPAf4=,2024-11-21T18:37:39+00:00,1,,,,,,no,58,,"{""Monday"":""|"",""Tuesday"":""|"",""Wednesday"":""|"",""Thursday"":""|"",""Friday"":""|"",""Saturday"":""|"",""Sunday"":""|""}",,,,,,,,,,,
288,"Ambulance service Chattogram",ambulance-service-chattogram,publish,"2024-11-09 08:26:06","2024-11-09 09:02:27",iamabsalam,iamabsalam@doctorbd24.com,"We provide reliable and fast ambulance services in Chattogram, ensuring quick and safe transportation for those in need.","<p>We provide reliable and fast ambulance services in Chattogram, ensuring quick and safe transportation for those in need.</p>",https://doctorbd24.com/ambulance/ambulance-service-chattogram/,https://doctorbd24.com/wp-content/uploads/2024/11/Ambulance-service-Chattogram-e1731142827250.jpg,0,0,0,,,,,,Chattogram,,,,,,,,,Bangladesh,,,,34,[],[],,,,https://www.facebook.com/profile.php?id=100065163963993,,,,,,,,,,,,,,,,287,,,,,,01878-669684,,4203,,,,,,,,,,,,,,,,,,,,,2,eJztUk1PAjEQ/Sukd4VdRclwMurBBD8ORo9NaQtMLO2mnVUJ4b87pSuC/gISTzszO2/em9dRUMMaYTB+hGoI4rVBJ++DsU5O0L8JqM5gneAShONUohHj3JzgDEQbneDoogaxIGoS9PsmaApxaurzUx2WfbWctk55bX+ik2TjO/JXLxRRmEe17Ocp5zwkJMphxfHhoFwdgUBPNnrFrFOoCqbZYv5of8rlTjvLK7Lr0YhB3EhIzorxQxlBq8aK/Wm8EohEitpUmnh7HZjbU8mHxY20G5FcOy8JI7VD/f1vtJ2JhMGXQtYZ4lx51JKims1Q74DWIO/c9VUglJ7J37w+sIc522wh7OgiQwrg5e72tXdz+3x1NxEdlzLGGjldyYYlos/ODYouF7Qqug4XZMMG3Wt/LDA1NkodrSK7e/pMhUmqlkJu2y/zSvoN/XzvUHJ5GUzrrDzorjuSLfEnlfoG+WH/L/GoL7Fmqqtvk3udyb3rncnHepqbL9U3qsU=,0,eJxLtDKwqq4FAAZPAf4=,0,eJxLtDKwqq4FAAZPAf4=,2024-11-21T18:34:21+00:00,1,,,,,,no,76,,"{""Monday"":""|"",""Tuesday"":""|"",""Wednesday"":""|"",""Thursday"":""|"",""Friday"":""|"",""Saturday"":""|"",""Sunday"":""|""}",,90,1,,,,,,,,
286,"Uttara Shihab Ambulance Service",uttara-shihab-ambulance-service,publish,"2024-11-09 08:06:34","2024-11-09 08:06:34",iamabsalam,iamabsalam@doctorbd24.com,"Emergency Ambulance Service in Uttara, Dhaka, Bangladesh We provide a wide range of ambulance services in Uttara, Dhaka, including freezing ambulance service, life support ambulance service, AC ambulance service, ICU ambulance service, and non-AC ambulance service. Whatever the need, we&hellip;","<p><strong>Emergency Ambulance Service in Uttara, Dhaka, Bangladesh</strong></p>
<p>We provide a wide range of ambulance services in Uttara, Dhaka, including freezing ambulance service, life support ambulance service, AC ambulance service, ICU ambulance service, and non-AC ambulance service. Whatever the need, we ensure proper ambulance service for every patient. Our staff are highly trained and experienced in providing the best care and assistance.</p>",https://doctorbd24.com/ambulance/uttara-shihab-ambulance-service/,https://doctorbd24.com/wp-content/uploads/2024/11/Shihab-Ambulance-Service.png,0,0,0,,"H # 34, R # 4 Sonargaon Janapath, Dhaka 1230",Uttara,,,Dhaka,,,,https://ambulanceservicesdhaka.com/,,,,,Bangladesh,,,,52,[],[],,,,,,,,,,,,,,,,,,,,285,,,,,,01615-727979,,1230,,,,,,,,,,,,,,,,,,,,,10,eJztVE1vGyEQ/SsWd9fe9WfxKVJziJR+SGmbI2IBe0fBsAK2bRT5v3dYNpadXHosq73BMG/eMPP0OC3m9AXofPeVFitKHhvQ7LOVSrN7ME+EFgv64umGEo1XBpLsYrKnC0papwme1girQ2g8nc2kFcG6SpbLD8IeZ/xYtZoboWZtCNzxqa+h5tX0HJ965X4BvsdCS6xjfYjHAs/XtWJ0SwmYoJzhSFzRImGaDvOu/W8x3LdfIrDrvFxHECYGCFqR3ZdUIjw3ilxWw19R4gMPrU9JOABhkduEdF+lgfhzCa/bQ7ogUmgQr2/briYEsCYFYp/WHbgBwYLj+z2IM1BJwD/3eQUlXOzZW15jcXDxduogOMY6QhLg593t4+TT7febu3vSc3EplWTVM2uwRTBxcvPUl7aCp76uP4gDm/cL/12Db5Rjwike1Hn7kQo8422wMe0yjF8ST2AOF1qJ4aOVrVbsKrvsSTriPyHFT4CLzVyMjm52b5ZTYv6Pjnfy0PFObl55Jw/Im++2yty39Y/WsV2P1vHfi3ExijF7MQ7XKpejOrNX52CscjWKMXsxDtcq16M6s1fnYKxyM4oxezEO1yq3ozqzV+dgrPLjKMbsxThUqzz9BRv0Cq0=,0,eJxLtDKwqq4FAAZPAf4=,0,eJxLtDKwqq4FAAZPAf4=,2024-11-10T03:32:44+00:00,1,,,,,,no,94,,"{""Monday"":""|"",""Tuesday"":""|"",""Wednesday"":""|"",""Thursday"":""|"",""Friday"":""|"",""Saturday"":""|"",""Sunday"":""|""}",,,,,,,,,,,
283,"Adil Ambulance Service",adil-ambulance-service,publish,"2024-11-09 07:54:30","2024-11-09 07:54:30",iamabsalam,iamabsalam@doctorbd24.com,"Adil Ambulance Service is one of the largest and most trusted ambulance service providers in the country. We offer a variety of ambulance services to meet different needs, ensuring fast and reliable assistance whenever you need it.","<p>Adil Ambulance Service is one of the largest and most trusted ambulance service providers in the country. We offer a variety of ambulance services to meet different needs, ensuring fast and reliable assistance whenever you need it.</p>",https://doctorbd24.com/ambulance/adil-ambulance-service/,https://doctorbd24.com/wp-content/uploads/2024/11/Adil-Ambulance-Service-1.jpg,0,0,0,,"house 33, sonargaon janapad, Dhaka 1230",Uttara,,,Dhaka,,,,,,,,,Bangladesh,,,,46,[],[],,,,https://www.facebook.com/people/Adil-Ambulance-Service/100054526206510/,,,,,,,,,,,,,,,,282,,,,,,01779-870800,,1230,,,,,,,,,,,,,,,,,,,,,12,eJztWUtvGyEQ/isW98Te9bP4ZCk5REofUqvmiDBgexQMq4VtG0X+7x2WjWUnlx4L4sbMzjfPT99lOa1q+gp0sv5KqzklTw1o9tlKpdkjmGdCqyl9dXRJiUaTgSTrEOzolJKu1QRf8wUlB+8bR8djaYW37VbWs1thj2N+3HaaG6HGXIK+OZs3TrW/AN0BP0O4dT48K3xfpwjeFSVgvGoNx3pbWkVM02M+dP0tuIeuawT2DdeLAMJAD14rsv4SU/iXRpHLbI7iLM5z37kYhHMLi7WNj/Y87sGdUzjd7aOBSKFBvH1b9TnBgzXREfq07Z4bEMy3fLcDcQYqCTjzEFdRwsWOva9rLC4uWKcegms8BEgE/Hy4fxrd3f/YPDySoRaXUkm2fWENtggmbG4S+9JW8NjX9YC4sMlw598HcI1qmWgV9+p89FAKHOOdtyHs0o0jiWcw+wuKBPfRyk4rdhVdD0X6wn989J8AD5smB1u6XL+7SY0zbrDcaPNWbvQ9lkv3PHWi5/lHiVhNi0T89xycFg6mysEcJXFW6JgqHbORxHnhYKoczFESF4WOqdIxG0lcFg6mysEcJXFV6JgqHbORxE+Fg6lyMEdJrDL/35AzH7PRxCrVHw6FhBmK4ukv0Bp8/w==,0,eJxLtDKwqq4FAAZPAf4=,0,eJxLtDKwqq4FAAZPAf4=,2024-11-10T03:32:44+00:00,1,,,,,,no,82,,"{""Monday"":""|"",""Tuesday"":""|"",""Wednesday"":""|"",""Thursday"":""|"",""Friday"":""|"",""Saturday"":""|"",""Sunday"":""|""}",,,,,,,,,,,
280,"Ambulance BD 24",ambulance-bd-24,publish,"2024-11-09 07:45:12","2024-11-16 14:12:47",iamabsalam,iamabsalam@doctorbd24.com,"Ambulance BD 24 is one of the fastest and most trusted emergency services in Bangladesh. We offer 24/7 emergency ambulance service in Dhaka city and across the entire country to those in need. Whether you’re experiencing a heart attack, need&hellip;","<p>Ambulance BD 24 is one of the fastest and most trusted emergency services in Bangladesh. We offer 24/7 emergency ambulance service in Dhaka city and across the entire country to those in need. Whether you’re experiencing a heart attack, need an urgent blood transfusion, or have been in an accident, our ambulance service will ensure you get to the hospital quickly and safely. Our services are available around the clock, every day of the week.</p>
<p>If you or a loved one requires urgent care or need a reliable and fast way to get to the hospital, don’t hesitate to call our emergency services. We’re always here to help!</p>",https://doctorbd24.com/ambulance/ambulance-bd-24/,https://doctorbd24.com/wp-content/uploads/2024/11/Online-Ambulance-Service-in-Bangladesh.png,0,0,0,,"Mohakhali, Dhaka 1212",Mohakhali,,,Dhaka,,,,https://ambulancebd24.com/,info@ambulancebd24.com,,,,Bangladesh,,,,44,[],[],,,,,,,,,,,,,,,,,,,,278,,,,,,01919339689,,1212,,,,,,,,,,,,,,,,,,,,,7,eJztVE1v2zAM/SuGzmsTO06WKacU7aFA93EY1qMgS0pCVJEMi8ZaFPnvoyw3TbrLjrORG0nxiY/kAyX/zF+BT1ffeT7n7LEGK756bax4APfEeD7jr4FymCVXgGarmBz4jLO2sYys8gtnO8Q68MlEe4W+qXRRXiu/n8h91VrplHm3rip9VZSTDkg4HzCaOdnn2BhdcgYOTeMkFap4njB1h/mL7o8Y7ukWBOyYFgShNAS0hq2+pQ/wpTbs9K/AF5wFlNiGlETtKk+VHSZ/ntoPxy+CbbfJIaSyoN7elt2fgOBdCkSWvtlKB0pgIzcbUEeg0UAd93k5Z1JtxMe6ztPQonfoIDTCXYTQAqacrTsvg5DBXm7Np8z5DM0zZhvfOs368lJro0X1ImpiDS6OcpqoWq9konreM01w2m/89w5CbRqhGiPRHNcf6UIQskUf007D1KV6Arc9EUsM771urRFn2UVfpCv8jCl+ANr0ONW4yMerxwj4dX/3mN3e/VzfPwxXfMXQxNfwWbn6uA1qYP1WKLu5zYpyuBuZDW0j/3gOltPLOfjvxVdexDc88Y3p+s0vAhyeAMdy/RYX8Q1PfOO5foc/4BZNQw==,0,eJxLtDKwqq4FAAZPAf4=,0,eJxLtDKwqq4FAAZPAf4=,2024-11-10T03:32:44+00:00,1,,,,,,no,87,,"{""Monday"":""|"",""Tuesday"":""|"",""Wednesday"":""|"",""Thursday"":""|"",""Friday"":""|"",""Saturday"":""|"",""Sunday"":""|""}",,90,1,,,,,,,,
275,"24 Ambulance",24-ambulance,publish,"2024-11-09 07:34:38","2024-11-16 14:12:43",iamabsalam,iamabsalam@doctorbd24.com,"24 Ambulance Service – Your Trusted Emergency Partner Across Bangladesh 24 Ambulance Company has been providing emergency ambulance services all over Bangladesh since 2019. Whether it’s for transporting patients or carrying deceased bodies, we offer a wide range of ambulance&hellip;","<p><strong>24 Ambulance Service – Your Trusted Emergency Partner Across Bangladesh</strong></p>
<p>24 Ambulance Company has been providing emergency ambulance services all over Bangladesh since 2019. Whether it’s for transporting patients or carrying deceased bodies, we offer a wide range of ambulance services. Our emergency ambulance service is available 24 hours a day, 7 days a week, and we are ready to respond anytime, anywhere. If you need any assistance, don’t hesitate to reach out to us.</p>
<p><strong>24-Hour Ambulance Service in Dhaka</strong></p>
<p>We provide the fastest and most reliable ambulance service in Dhaka, Bangladesh. As one of the top ambulance service providers in the country, we ensure quick response times and excellent service. Whether you’re in Dhaka or anywhere else in Bangladesh, we’re always prepared to offer immediate assistance. Online booking for ambulance services is available. If you need any help, feel free to contact us.</p>
<p><strong>Why Choose Us?</strong></p>
<p>Since 2019, 24 Ambulance Company has been dedicated to offering emergency ambulance services across Bangladesh. We provide various types of ambulance services for both patients and deceased bodies. Our 24-hour emergency service is available whenever and wherever you need us. The website is developed by DomainHosting.com.bd. If you require any help, just get in touch with us.</p>
<p><strong>Our Mission</strong></p>
<p>At 24 Ambulance, our mission is to provide integrated, expert, and cost-effective ambulance services. We focus on building strong partnerships to meet the needs of the patients and communities we serve. Our priority is always the well-being of the people.</p>",https://doctorbd24.com/ambulance/24-ambulance/,https://doctorbd24.com/wp-content/uploads/2024/11/24-Hours-Ambulance-service-Ac-Ambulance.jpg,0,0,0,,"250, Mogbazar Road, Dhaka-1217",Mogbazar,,,Dhaka,,,,https://24ambulance.com/,,,,,Bangladesh,,,,45,[],[],,,,https://web.facebook.com/24ambulanceservice,,,,,,,,,,,,,,,,274,,,,,,01911-125156,,1217,,,,,,,,,,,,,,,,,,,,,11,eJztmE1v2zAMhv+KofO6xI7zMeYUoD0U6D4Ow3oUFElJhCqSYclYiyL/fZTlpkl32XESfBNpviIpPuDBDMoSXhVM19+hnAN5bJSmX62Qmj4o80SgnMGrgyUQjSZVgqxDsIMZkK7VBE/1AsjB+8bBZCIs97bdiqr+zO1xwo7bTjPD5aSqb96NXoUi63w4lni+FgbvCogyXraGYZYtlFHT9Jq/av0R3EOtFQr7MiuUYJhXXkuy/hYv8C+NJJd3OcD6nWe+czEIe+UWMxsf7Xns3Z2vcLrbRwOVXCv+9m3V36m8siY6QpW23TOjOPUt2+0UPwulUNjxEFcCYXxHP+Y1Fp8rWKdego93CBJ8/SmQTW8VyhXqyPbyU2Fs4eWzL3a2M4IM6ZkQUtDtC22wamXCU05jqdpyFku97hlfcDqM+/dBuUa2lLeSeXmefShXOco6b0PYpRu75E/K7C9ICe6jFZ2W9Cq6GpL0iZ999J8UTjpDFBdlvjAGwa/7u8fi9u7n5v4hXfKqpMhrYVavP44CW6vqYvOWJd1ZzJKaxT9ugeV83AL/PXn1SF5i5GWz9OYjeomhl8vSW4zkJUZeNktvOaKXGHq5LL3VSF5i5GWz9L6M6CWGXi5Lr8zyV3/W6GWy9U5/AEu3baE=,0,eJxLtDKwqq4FAAZPAf4=,0,eJxLtDKwqq4FAAZPAf4=,2024-11-10T03:32:44+00:00,1,,,,,,no,74,,"{""Monday"":""|"",""Tuesday"":""|"",""Wednesday"":""|"",""Thursday"":""|"",""Friday"":""|"",""Saturday"":""|"",""Sunday"":""|""}",,90,2,,,,,,,,
271,"Sasthya Seba",sasthya-seba,publish,"2024-11-09 07:17:49","2024-11-09 17:30:50",iamabsalam,iamabsalam@doctorbd24.com,"Affordable and Reliable Ambulance Services in Dhaka, Bangladesh Looking for affordable and reliable ambulance services in Dhaka? Sasthya Seba offers emergency ambulance services 24/7, ensuring quick and efficient medical transport whenever you need it. Whether it’s a medical emergency or&hellip;","<p><strong>Affordable and Reliable Ambulance Services in Dhaka, Bangladesh</strong></p>
<p>Looking for affordable and reliable ambulance services in Dhaka? Sasthya Seba offers emergency ambulance services 24/7, ensuring quick and efficient medical transport whenever you need it. Whether it’s a medical emergency or non-critical transportation, we’ve got you covered with our range of ambulances, designed to suit different needs:</p>
<ul>
<li><strong>Basic Life Support (BLS) Ambulance Service</strong>: Perfect for non-critical patients, these ambulances are equipped with essential medical equipment to ensure a safe and comfortable ride.</li>
<li><strong>Advanced Life Support (ALS) Ambulance Service</strong>: For patients with more serious conditions, our ALS ambulances are fully equipped with advanced medical equipment and staffed with trained professionals to handle critical situations.</li>
<li><strong>ICU Ambulance Service</strong>: Our ICU ambulances provide intensive care facilities on the go, ensuring patients in critical condition receive the highest level of care during transport.</li>
<li><strong>Neonatal (NICU) Ambulance Service</strong>: Specialized for the safe transport of critically ill infants, our NICU ambulances are equipped with the necessary life support systems for newborns.</li>
<li><strong>Air Ambulance Service</strong>: For rapid transport over long distances, our air ambulances provide quick and safe transportation with all the necessary medical equipment on board.</li>
</ul>
<p><strong>24/7 Availability</strong>: Whether it’s day or night, Sasthya Seba’s ambulance service is just a call away. You can reach us at any time for fast and reliable medical transport in Dhaka.</p>
<p>Contact us today for all your emergency transportation needs!</p>",https://doctorbd24.com/ambulance/sasthya-seba/,https://doctorbd24.com/wp-content/uploads/2024/11/Ambulance-Service.jpg,0,0,0,,"House: 15, Road: 7, Block: C, Niketon, Dhaka 1212",Niketon,,,Dhaka,,1,5,https://sasthyaseba.com/ambulance,support@sasthyaseba.com,,1,5,Bangladesh,1,5,,57,[],[],,,,https://www.facebook.com/SasthyaSebaLtd,,,1,5,,,,https://www.instagram.com/sasthyasebaltd/,,1,5,,,https://www.linkedin.com/company/sasthya-seba-limited/,featured,270,,,,,,"+88 01405 600 700",,1212,,1,5,,1,5,1,5,,,1,5,1,5,,,https://twitter.com/SasthyaSeba,,1,5,21,eJztmU1v4yAQhv+KxXm7jp3PklOl7aFS90PqantEGEiC6oBlsLZRlf++g8lGSfeyxzLiBniGmWEevQcPp3VF3zSdrL/Tak7Jc6db9tVK1bJHbV4Irab0zdElJS1smZZkHYwdnVIy9C2B1WxByc77ztGylFZ42zeynn0Wdl/yfTO03AhVOu787sBvnGp4OXqBk3U+LCtYXzuG0xUl2njVGw5RGlpFn270+SfXH+H4lGsNjmOaNbiAmde+VWT9LV7gD50il3c5Cvk7z/3gohHUKixENj7u57F2d77CtcM2bsBTtFr8/bYa79ReWxMPQpa233KjBfM932y0ODsqqaHik11FCRcb9j6usfB2YXccXeAld8EFXn9Cyd24K7Qr9J5v1afC2MKrV19s7GAkOYXnUirJmgPrIGttwlNOYqqtFTymel0zvODk1O7fO+061TPRK+7VufchXe0YH7wNZpfHUKV40WZ7QUo43ls5tIpdWdenIGPgVx/Pjxo6jRDFRYUXxuDw6+H+ufhy//Pu4TFd8uqkyOvpdLZ+3woo7SlGKZ4gSrq9mCbVi/9UgWVWgY9P3iyTlxh5aERvntFLDD0sorfI5CVGHhrRW2b0EkMPi+itMnmJkYdG9G4zeomhh0X0KpS/+lGjh0b1KpT/9lGzh0b20vq5n9HDJHt5mJEae2hkL08zUkMPj+zlcUZq7KGRvTzPSA09PLKXBxqpsYdG9vJEIzX08MheHmmkxh4W2avzSCM19JDI3vEPGApkVQ==,0,eJxLtDKwqq4FAAZPAf4=,0,eJxLtDKwqq4FAAZPAf4=,2024-11-10T03:32:44+00:00,1,,,,,,no,75,,"{""Monday"":""|"",""Tuesday"":""|"",""Wednesday"":""|"",""Thursday"":""|"",""Friday"":""|"",""Saturday"":""|"",""Sunday"":""|""}",10,60,2,,,,,,,,
